{"cameraMode":{"drawMode":0,"name":"Shaded","section":"Shading Mode"},"sceneLighting":true,"audioPlay":false,"sceneViewState":{"m_AlwaysRefresh":false,"showFog":true,"showSkybox":true,"showFlares":true,"showImageEffects":true,"showParticleSystems":true,"showVisualEffectGraphs":true,"m_FxEnabled":true},"in2DMode":false,"pivot":{"x":-4.261251449584961,"y":4.464786052703857,"z":4.829242706298828},"rotation":{"x":0.22193697094917298,"y":-0.008780226111412049,"z":0.0019986641127616169,"w":0.9750198721885681},"size":8.760909080505371,"orthographic":false}